step,acc_val,f1_val,acc_train,f1_train,psl_correct,psl_total,acc_psl,pslt_global,cw_acc_train,cw_acc_val,cw_avg_prob,local_threshold,cw_psl_total_eval,cw_psl_correct_eval,cw_psl_acc_eval,cw_psl_total_accum,cw_psl_correct_accum,cw_psl_acc_accum
0,0.245,0.10040983606557377,0.25,0.10204081632653061,0,0,,0.0,"[np.float32(0.0), np.float32(1.0), np.float32(0.0), np.float32(0.0)]","[np.float32(0.0), np.float32(0.98), np.float32(0.0), np.float32(0.0)]","[0.25, 0.25, 0.25, 0.25]","[0, 0, 0, 0]","[0, 0, 0, 0]","[0, 0, 0, 0]","[nan, nan, nan, nan]","[0, 0, 0, 0]","[0, 0, 0, 0]","[nan, nan, nan, nan]"
25,0.445,0.4046652566070042,0.75,0.7523931532685669,0,0,,0.98,"[np.float32(0.9), np.float32(1.0), np.float32(0.5), np.float32(0.6)]","[np.float32(0.42), np.float32(1.0), np.float32(0.06), np.float32(0.3)]","[0.2318672239780426, 0.2739858627319336, 0.2774351239204407, 0.21671150624752045]","[0.8357529640197754, 0.9875673055648804, 1.0, 0.781125009059906]","[0, 0, 0, 0]","[0, 0, 0, 0]","[nan, nan, nan, nan]","[0, 0, 0, 0]","[0, 0, 0, 0]","[nan, nan, nan, nan]"
50,0.565,0.5398696672773671,0.925,0.9264556318332061,2,4,0.5,0.98,"[np.float32(1.0), np.float32(1.0), np.float32(0.9), np.float32(0.8)]","[np.float32(0.74), np.float32(0.98), np.float32(0.32), np.float32(0.22)]","[0.28819459676742554, 0.2728852331638336, 0.28154173493385315, 0.157378152012825]","[1.0, 0.9468783736228943, 0.9769153594970703, 0.5460829138755798]","[4, 0, 0, 0]","[2, 0, 0, 0]","[0.5, nan, nan, nan]","[4, 0, 0, 0]","[2, 0, 0, 0]","[0.5, nan, nan, nan]"
75,0.725,0.7312917916926873,0.95,0.949937343358396,97,115,0.8434782608695652,0.98,"[np.float32(1.0), np.float32(1.0), np.float32(0.9), np.float32(0.9)]","[np.float32(0.8), np.float32(0.72), np.float32(0.78), np.float32(0.6)]","[0.25870275497436523, 0.19536423683166504, 0.27597561478614807, 0.26995718479156494]","[0.9374116659164429, 0.7079039812088013, 1.0, 0.978192150592804]","[33, 14, 37, 31]","[28, 10, 37, 22]","[0.8484848737716675, 0.7142857313156128, 1.0, 0.7096773982048035]","[37, 14, 37, 31]","[30, 10, 37, 22]","[0.8108108043670654, 0.7142857313156128, 1.0, 0.7096773982048035]"
100,0.76,0.7644191844667357,0.95,0.949937343358396,285,351,0.811965811965812,0.98,"[np.float32(1.0), np.float32(1.0), np.float32(0.9), np.float32(0.9)]","[np.float32(0.76), np.float32(0.76), np.float32(0.84), np.float32(0.68)]","[0.23320937156677246, 0.24758200347423553, 0.242282897233963, 0.27692553400993347]","[0.8421374559402466, 0.894038200378418, 0.8749027252197266, 1.0]","[98, 73, 91, 89]","[77, 55, 86, 67]","[0.7857142686843872, 0.7534246444702148, 0.9450549483299255, 0.7528089880943298]","[135, 87, 128, 120]","[107, 65, 123, 89]","[0.7925925850868225, 0.7471264600753784, 0.9609375, 0.7416666746139526]"
125,0.755,0.7564541379551329,0.95,0.9498746867167919,353,450,0.7844444444444445,0.98,"[np.float32(1.0), np.float32(1.0), np.float32(0.9), np.float32(0.9)]","[np.float32(0.8), np.float32(0.82), np.float32(0.84), np.float32(0.56)]","[0.28056496381759644, 0.23322677612304688, 0.2631750702857971, 0.22303301095962524]","[1.0, 0.831275463104248, 0.9380183219909668, 0.7949424982070923]","[113, 93, 127, 117]","[83, 68, 120, 82]","[0.7345132827758789, 0.7311828136444092, 0.9448819160461426, 0.7008547186851501]","[248, 180, 255, 237]","[190, 133, 243, 171]","[0.7661290168762207, 0.7388888597488403, 0.9529411792755127, 0.7215189933776855]"
150,0.765,0.7667127439464716,0.95,0.9498746867167919,424,536,0.7910447761194029,0.98,"[np.float32(1.0), np.float32(1.0), np.float32(0.9), np.float32(0.9)]","[np.float32(0.8), np.float32(0.84), np.float32(0.86), np.float32(0.56)]","[0.2519897520542145, 0.3048801124095917, 0.21907632052898407, 0.22405360639095306]","[0.8265208005905151, 1.0, 0.7185654640197754, 0.734890878200531]","[141, 101, 161, 133]","[105, 69, 156, 94]","[0.7446808218955994, 0.6831682920455933, 0.9689440727233887, 0.7067669034004211]","[389, 281, 416, 370]","[295, 202, 399, 265]","[0.7583547830581665, 0.7188612222671509, 0.9591346383094788, 0.7162162065505981]"
175,0.78,0.7814502352579562,0.95,0.9498746867167919,440,581,0.7573149741824441,0.98,"[np.float32(1.0), np.float32(1.0), np.float32(0.9), np.float32(0.9)]","[np.float32(0.8), np.float32(0.82), np.float32(0.9), np.float32(0.6)]","[0.23539967834949493, 0.2987368702888489, 0.2666446566581726, 0.19921855628490448]","[0.7879833579063416, 1.0, 0.8925736546516418, 0.6668696403503418]","[165, 111, 162, 143]","[116, 70, 156, 98]","[0.7030302882194519, 0.630630612373352, 0.9629629850387573, 0.6853147149085999]","[554, 392, 578, 513]","[411, 272, 555, 363]","[0.7418772578239441, 0.6938775777816772, 0.9602076411247253, 0.707602322101593]"
200,0.765,0.7646108097313297,0.95,0.9498746867167919,507,653,0.776416539050536,0.98,"[np.float32(1.0), np.float32(1.0), np.float32(0.9), np.float32(0.9)]","[np.float32(0.8), np.float32(0.86), np.float32(0.88), np.float32(0.52)]","[0.24093282222747803, 0.1284179985523224, 0.36376845836639404, 0.26688051223754883]","[0.6623246669769287, 0.3530212640762329, 1.0, 0.7336549162864685]","[149, 133, 206, 165]","[117, 87, 196, 107]","[0.7852349281311035, 0.6541353464126587, 0.9514563083648682, 0.6484848260879517]","[703, 525, 784, 678]","[528, 359, 751, 470]","[0.7510668635368347, 0.6838095188140869, 0.9579081535339355, 0.6932153105735779]"
225,0.75,0.7478945924669609,0.95,0.9498746867167919,540,713,0.7573632538569425,0.98,"[np.float32(1.0), np.float32(1.0), np.float32(0.9), np.float32(0.9)]","[np.float32(0.82), np.float32(0.8), np.float32(0.9), np.float32(0.48)]","[0.2365160435438156, 0.24951601028442383, 0.2763427197933197, 0.23762504756450653]","[0.8558794260025024, 0.9029223322868347, 1.0, 0.8598925471305847]","[202, 124, 211, 176]","[142, 79, 206, 113]","[0.7029703259468079, 0.6370967626571655, 0.9763033390045166, 0.6420454382896423]","[905, 649, 995, 854]","[670, 438, 957, 583]","[0.7403314709663391, 0.6748844385147095, 0.9618090391159058, 0.6826698184013367]"
250,0.77,0.7703081725185384,0.95,0.9498746867167919,631,830,0.7602409638554217,0.98,"[np.float32(1.0), np.float32(1.0), np.float32(0.9), np.float32(0.9)]","[np.float32(0.78), np.float32(0.84), np.float32(0.9), np.float32(0.56)]","[0.2950091063976288, 0.2856321930885315, 0.26264268159866333, 0.15671589970588684]","[1.0, 0.9682148098945618, 0.8902866840362549, 0.5312239527702332]","[243, 160, 225, 202]","[176, 101, 216, 138]","[0.7242798209190369, 0.6312500238418579, 0.9599999785423279, 0.6831682920455933]","[1148, 809, 1220, 1056]","[846, 539, 1173, 721]","[0.7369338274002075, 0.6662546396255493, 0.9614754319190979, 0.6827651262283325]"
275,0.775,0.7757969716545298,0.95,0.9498746867167919,660,890,0.7415730337078652,0.98,"[np.float32(1.0), np.float32(1.0), np.float32(0.9), np.float32(0.9)]","[np.float32(0.8), np.float32(0.8), np.float32(0.9), np.float32(0.6)]","[0.2582998275756836, 0.20463474094867706, 0.31182950735092163, 0.2252357006072998]","[0.8283367156982422, 0.6562392115592957, 1.0, 0.7223039865493774]","[246, 206, 221, 217]","[174, 135, 212, 139]","[0.707317054271698, 0.655339777469635, 0.959276020526886, 0.6405529975891113]","[1394, 1015, 1441, 1273]","[1020, 674, 1385, 860]","[0.7317073345184326, 0.6640394330024719, 0.9611380696296692, 0.6755695343017578]"
300,0.745,0.7446023929539636,0.95,0.9498746867167919,673,896,0.7511160714285714,0.98,"[np.float32(1.0), np.float32(1.0), np.float32(0.9), np.float32(0.9)]","[np.float32(0.78), np.float32(0.82), np.float32(0.88), np.float32(0.5)]","[0.24638976156711578, 0.2806010842323303, 0.1911063939332962, 0.2819025218486786]","[0.8740246891975403, 0.9953833818435669, 0.6779165863990784, 1.0]","[249, 215, 216, 216]","[182, 146, 207, 138]","[0.7309237122535706, 0.6790697574615479, 0.9583333134651184, 0.6388888955116272]","[1643, 1230, 1657, 1489]","[1202, 820, 1592, 998]","[0.7315885424613953, 0.6666666865348816, 0.9607724547386169, 0.6702485084533691]"
325,0.76,0.7593648144115539,0.95,0.9498746867167919,675,891,0.7575757575757576,0.98,"[np.float32(1.0), np.float32(1.0), np.float32(0.9), np.float32(0.9)]","[np.float32(0.78), np.float32(0.84), np.float32(0.9), np.float32(0.52)]","[0.2795749008655548, 0.3424346446990967, 0.2097984105348587, 0.1681918054819107]","[0.8164328932762146, 1.0, 0.6126670241355896, 0.4911646842956543]","[241, 220, 225, 205]","[172, 142, 218, 143]","[0.7136929631233215, 0.6454545259475708, 0.9688888788223267, 0.6975609660148621]","[1884, 1450, 1882, 1694]","[1374, 962, 1810, 1141]","[0.7292993664741516, 0.6634482741355896, 0.9617428183555603, 0.6735537052154541]"
350,0.765,0.7629980653877713,0.95,0.9498746867167919,693,929,0.7459634015069968,0.98,"[np.float32(1.0), np.float32(1.0), np.float32(0.9), np.float32(0.9)]","[np.float32(0.82), np.float32(0.84), np.float32(0.9), np.float32(0.5)]","[0.2842523157596588, 0.19327431917190552, 0.2608333230018616, 0.2616397738456726]","[1.0, 0.6799392700195312, 0.9176119565963745, 0.9204490780830383]","[250, 232, 226, 221]","[184, 147, 217, 145]","[0.7360000014305115, 0.6336206793785095, 0.9601770043373108, 0.6561086177825928]","[2134, 1682, 2108, 1915]","[1558, 1109, 2027, 1286]","[0.7300843596458435, 0.659334123134613, 0.9615749716758728, 0.6715404987335205]"
375,0.76,0.7585088529419957,0.95,0.9498746867167919,698,953,0.7324239244491081,0.98,"[np.float32(1.0), np.float32(1.0), np.float32(0.9), np.float32(0.9)]","[np.float32(0.8), np.float32(0.82), np.float32(0.9), np.float32(0.52)]","[0.15718048810958862, 0.30734407901763916, 0.16149412095546722, 0.3739810287952423]","[0.4202899932861328, 0.8218172788619995, 0.43182435631752014, 1.0]","[252, 250, 227, 224]","[180, 153, 219, 146]","[0.7142857313156128, 0.6119999885559082, 0.9647576808929443, 0.6517857313156128]","[2386, 1932, 2335, 2139]","[1738, 1262, 2246, 1432]","[0.7284157872200012, 0.6532090902328491, 0.9618843793869019, 0.6694717407226562]"
400,0.745,0.7442971282572493,0.95,0.9498746867167919,724,980,0.7387755102040816,0.98,"[np.float32(1.0), np.float32(1.0), np.float32(0.9), np.float32(0.9)]","[np.float32(0.78), np.float32(0.78), np.float32(0.9), np.float32(0.52)]","[0.17620354890823364, 0.45802587270736694, 0.18551252782344818, 0.1802578866481781]","[0.3847021758556366, 1.0, 0.40502631664276123, 0.3935539424419403]","[245, 279, 237, 219]","[176, 177, 228, 143]","[0.718367338180542, 0.6344085931777954, 0.9620253443717957, 0.6529680490493774]","[2631, 2211, 2572, 2358]","[1914, 1439, 2474, 1575]","[0.7274800539016724, 0.650836706161499, 0.9618973731994629, 0.6679389476776123]"
425,0.755,0.7508201368625456,0.95,0.9498746867167919,726,996,0.7289156626506024,0.98,"[np.float32(1.0), np.float32(1.0), np.float32(0.9), np.float32(0.9)]","[np.float32(0.8), np.float32(0.8), np.float32(0.92), np.float32(0.5)]","[0.22784903645515442, 0.2718403935432434, 0.3126102387905121, 0.18770012259483337]","[0.7288597822189331, 0.86958247423172, 1.0, 0.600428581237793]","[263, 262, 237, 234]","[187, 158, 229, 152]","[0.7110266089439392, 0.6030534505844116, 0.9662446975708008, 0.6495726704597473]","[2894, 2473, 2809, 2592]","[2101, 1597, 2703, 1727]","[0.7259848117828369, 0.6457743644714355, 0.9622641801834106, 0.6662808656692505]"
record_time,best_step,test_acc,test_f1,device_idx,dataset,n_labeled_per_class,bs,ul_ratio,lr,weight_u_loss,psl_threshold_h,adaptive_threshold,num_nets,cross_labeling,weight_disagreement,disagree_weight,ema_mode,ema_momentum,val_interval,early_stop_tolerance,max_step,seed
20250723-080034,175,0.825,0.8246710057484916,0,uit-vsfc,10,4,10,1e-05,1,0.98,True,2,True,True,0.9,False,0.9,25,10,100000,0
